Workbook
Name Slicer_Department_Name: #N/A
Name Slicer_Employment_Status: #N/A
Name Slicer_Performance_Band: #N/A

Sheet Analysiss
A3: Department | B3: Count of Emp ID | C3: Average of Salary
A4: Finance | B4: 17 | C4: 72419.941 | G4: Department | H4: Column Labels
A5: Human Resources | B5: 18 | C5: 80891.611 | G5: Row Labels | H5: ACTIVE | I5: LEFT | J5: ACTIVE | K5: LEFT | L5: RESIGNED | M5: Grand Total
A6: Information Technology | B6: 36 | C6: 68901.167 | G6: Finance | H6: 4 | I6: 2 | J6: 10 | K6: 1 | M6: 17
A7: Marketing | B7: 19 | C7: 81007.737 | G7: Human Resources | H7: 4 | I7: 2 | J7: 11 | L7: 1 | M7: 18
A8: Operations | B8: 29 | C8: 74284.138 | G8: Information Technology | H8: 6 | I8: 2 | J8: 22 | K8: 4 | L8: 2 | M8: 36
A9: Sales | B9: 31 | C9: 64757.871 | G9: Marketing | H9: 5 | J9: 11 | K9: 3 | M9: 19
A10: Grand Total | B10: 150 | C10: 72456.74 | G10: Operations | H10: 5 | I10: 2 | J10: 13 | K10: 4 | L10: 5 | M10: 29
G11: Sales | H11: 5 | I11: 3 | J11: 20 | K11: 1 | L11: 2 | M11: 31
G12: Grand Total | H12: 29 | I12: 11 | J12: 87 | K12: 13 | L12: 10 | M12: 150
A15: Employment Satus | B15: Average of Perf_Score | G15: Performance Band | H15: Sum of Eligible Bonus Amount
A16: ACTIVE | B16: 53.241379 | G16: Achieving | H16: 144315.95
A17: LEFT | B17: 64.363636 | G17: Developing | H17: 58138.3
A18: ACTIVE | B18: 67.103448 | G18: Exceeding | H18: 131312.8
A19: LEFT | B19: 62.538462 | G19: Needs Improvement | H19: 0
A20: RESIGNED | B20: 76.4 | G20: Outstanding | H20: 82379.04
A21: Grand Total | B21: 64.446667 | G21: Grand Total | H21: 416146.09

Sheet HR DASHBOARD
A1: HR ANALYTICS DASHBOARDS
A2: Employee Performance & Retention Analysis
B3: TOTAL EMPLOYEES | E3: AVERAGE SALARY | H3: ATTRITION RATE | K3: AVERERAGE PERFORMANCE
B4: =COUNTA(Raw_Employee_Data!A2:A151) -> 150 | E4: =AVERAGE(Raw_Employee_Data!I2:I151) -> 72456.74 | H4: =(COUNTIF(Raw_Employee_Data!M2:M151,"Left")+COUNTIF(Raw_Employee_Data!M2:M151,"Resigned"))/COUNTA(Raw_Employee_Data!A2:A151) -> 0.22666667 | K4: =AVERAGE(Raw_Employee_Data!J:J) -> 64.446667

Sheet Raw_Employee_Data
A1: Emp ID | B1: First_Name | C1: Last_Name | D1: Full Name | E1: Dept Code | F1: Department Name | G1: Hire Date | H1: Years of Service | I1: Salary | J1: Perf_Score | K1: Performance Band | L1: Eligible Bonus Amount | M1: Employment Status
A2: EMP127 | B2: Emily | C2: Brown | D2: =TRIM(B2& " "&C2) -> Emily Brown | E2: IT02 | F2: =VLOOKUP(E2, Lookup_Departments!A:B, 2, FALSE) -> Information Technology | G2: 43093 | H2: 8 Years | I2: 50361 | J2: 52 | K2: =_xlfn.IFS(J2<=49,"Needs Improvement",J2<=69,"Developing",J2<=84,"Achieving",J2<=94,"Exceeding",J2<=100,"Outstanding") -> Developing | L2: =IF(K2="Needs Improvement",0, IF(K2="Developing",I2*0.02, IF(K2="Achieving",I2*0.05, IF(K2="Exceeding",I2*0.08, IF(K2="Outstanding",I2*0.12,0))))) -> 1007.22 | M2: Active
A3: EMP046 | B3: Richard | C3: Hernandez | D3: =TRIM(B3& " "&C3) -> Richard Hernandez | E3: MKT04 | F3: =VLOOKUP(E3, Lookup_Departments!A:B, 2, FALSE) -> Marketing | G3: 44659 | H3: 4 Years | I3: 112673 | J3: 0 | K3: =_xlfn.IFS(J3<=49,"Needs Improvement",J3<=69,"Developing",J3<=84,"Achieving",J3<=94,"Exceeding",J3<=100,"Outstanding") -> Needs Improvement | L3: =IF(K3="Needs Improvement",0, IF(K3="Developing",I3*0.02, IF(K3="Achieving",I3*0.05, IF(K3="Exceeding",I3*0.08, IF(K3="Outstanding",I3*0.12,0))))) -> 0 | M3: Active
A4: EMP134 | B4: Emily | C4: Gonzalez | D4: =TRIM(B4& " "&C4) -> Emily Gonzalez | E4: IT02 | F4: =VLOOKUP(E4, Lookup_Departments!A:B, 2, FALSE) -> Information Technology | G4: 42431 | H4: 10 Years | I4: 114425 | J4: 54 | K4: =_xlfn.IFS(J4<=49,"Needs Improvement",J4<=69,"Developing",J4<=84,"Achieving",J4<=94,"Exceeding",J4<=100,"Outstanding") -> Developing | L4: =IF(K4="Needs Improvement",0, IF(K4="Developing",I4*0.02, IF(K4="Achieving",I4*0.05, IF(K4="Exceeding",I4*0.08, IF(K4="Outstanding",I4*0.12,0))))) -> 2288.5 | M4: Left
A5: EMP139 | B5: John | C5: Martinez | D5: =TRIM(B5& " "&C5) -> John Martinez | E5: FIN03 | F5: =VLOOKUP(E5, Lookup_Departments!A:B, 2, FALSE) -> Finance | G5: 45110 | H5: 3 Years | I5: 103831 | J5: 70 | K5: =_xlfn.IFS(J5<=49,"Needs Improvement",J5<=69,"Developing",J5<=84,"Achieving",J5<=94,"Exceeding",J5<=100,"Outstanding") -> Achieving | L5: =IF(K5="Needs Improvement",0, IF(K5="Developing",I5*0.02, IF(K5="Achieving",I5*0.05, IF(K5="Exceeding",I5*0.08, IF(K5="Outstanding",I5*0.12,0))))) -> 5191.55 | M5: Active
A6: EMP112 | B6: Thomas | C6: Smith | D6: =TRIM(B6& " "&C6) -> Thomas Smith | E6: IT02 | F6: =VLOOKUP(E6, Lookup_Departments!A:B, 2, FALSE) -> Information Technology | G6: 44977 | H6: 3 Years | I6: 73785 | J6: 40 | K6: =_xlfn.IFS(J6<=49,"Needs Improvement",J6<=69,"Developing",J6<=84,"Achieving",J6<=94,"Exceeding",J6<=100,"Outstanding") -> Needs Improvement | L6: =IF(K6="Needs Improvement",0, IF(K6="Developing",I6*0.02, IF(K6="Achieving",I6*0.05, IF(K6="Exceeding",I6*0.08, IF(K6="Outstanding",I6*0.12,0))))) -> 0 | M6: Left
A7: EMP030 | B7: Emily | C7: Johnson | D7: =TRIM(B7& " "&C7) -> Emily Johnson | E7: OPS06 | F7: =VLOOKUP(E7, Lookup_Departments!A:B, 2, FALSE) -> Operations | G7: 43892 | H7: 6 Years | I7: 115882 | J7: 49 | K7: =_xlfn.IFS(J7<=49,"Needs Improvement",J7<=69,"Developing",J7<=84,"Achieving",J7<=94,"Exceeding",J7<=100,"Outstanding") -> Needs Improvement | L7: =IF(K7="Needs Improvement",0, IF(K7="Developing",I7*0.02, IF(K7="Achieving",I7*0.05, IF(K7="Exceeding",I7*0.08, IF(K7="Outstanding",I7*0.12,0))))) -> 0 | M7: Active
A8: EMP096 | B8: John | C8: Wilson | D8: =TRIM(B8& " "&C8) -> John Wilson | E8: OPS06 | F8: =VLOOKUP(E8, Lookup_Departments!A:B, 2, FALSE) -> Operations | G8: 45272 | H8: 2 Years | I8: 59980 | J8: 70 | K8: =_xlfn.IFS(J8<=49,"Needs Improvement",J8<=69,"Developing",J8<=84,"Achieving",J8<=94,"Exceeding",J8<=100,"Outstanding") -> Achieving | L8: =IF(K8="Needs Improvement",0, IF(K8="Developing",I8*0.02, IF(K8="Achieving",I8*0.05, IF(K8="Exceeding",I8*0.08, IF(K8="Outstanding",I8*0.12,0))))) -> 2999 | M8: Left
A9: EMP098 | B9: Jessica | C9: Smith | D9: =TRIM(B9& " "&C9) -> Jessica Smith | E9: OPS06 | F9: =VLOOKUP(E9, Lookup_Departments!A:B, 2, FALSE) -> Operations | G9: 44174 | H9: 5 Years | I9: 68728 | J9: 45 | K9: =_xlfn.IFS(J9<=49,"Needs Improvement",J9<=69,"Developing",J9<=84,"Achieving",J9<=94,"Exceeding",J9<=100,"Outstanding") -> Needs Improvement | L9: =IF(K9="Needs Improvement",0, IF(K9="Developing",I9*0.02, IF(K9="Achieving",I9*0.05, IF(K9="Exceeding",I9*0.08, IF(K9="Outstanding",I9*0.12,0))))) -> 0 | M9: Active
A10: EMP095 | B10: Unknown | C10: Rodriguez | D10: =TRIM(B10& " "&C10) -> Unknown Rodriguez | E10: FIN03 | F10: =VLOOKUP(E10, Lookup_Departments!A:B, 2, FALSE) -> Finance | G10: 43107 | H10: 8 Years | I10: 102139 | J10: 79 | K10: =_xlfn.IFS(J10<=49,"Needs Improvement",J10<=69,"Developing",J10<=84,"Achieving",J10<=94,"Exceeding",J10<=100,"Outstanding") -> Achieving | L10: =IF(K10="Needs Improvement",0, IF(K10="Developing",I10*0.02, IF(K10="Achieving",I10*0.05, IF(K10="Exceeding",I10*0.08, IF(K10="Outstanding",I10*0.12,0))))) -> 5106.95 | M10: Active
A11: EMP140 | B11: Michael | C11: Martinez | D11: =TRIM(B11& " "&C11) -> Michael Martinez | E11: SAL05 | F11: =VLOOKUP(E11, Lookup_Departments!A:B, 2, FALSE) -> Sales | G11: 42676 | H11: 9 Years | I11: 94998 | J11: 58 | K11: =_xlfn.IFS(J11<=49,"Needs Improvement",J11<=69,"Developing",J11<=84,"Achieving",J11<=94,"Exceeding",J11<=100,"Outstanding") -> Developing | L11: =IF(K11="Needs Improvement",0, IF(K11="Developing",I11*0.02, IF(K11="Achieving",I11*0.05, IF(K11="Exceeding",I11*0.08, IF(K11="Outstanding",I11*0.12,0))))) -> 1899.96 | M11: Active
A12: EMP020 | B12: Emily | C12: Miller | D12: =TRIM(B12& " "&C12) -> Emily Miller | E12: SAL05 | F12: =VLOOKUP(E12, Lookup_Departments!A:B, 2, FALSE) -> Sales | G12: 43911 | H12: 6 Years | I12: 118635 | J12: 49 | K12: =_xlfn.IFS(J12<=49,"Needs Improvement",J12<=69,"Developing",J12<=84,"Achieving",J12<=94,"Exceeding",J12<=100,"Outstanding") -> Needs Improvement | L12: =IF(K12="Needs Improvement",0, IF(K12="Developing",I12*0.02, IF(K12="Achieving",I12*0.05, IF(K12="Exceeding",I12*0.08, IF(K12="Outstanding",I12*0.12,0))))) -> 0 | M12: Active
A13: EMP057 | B13: Emily | C13: Hernandez | D13: =TRIM(B13& " "&C13) -> Emily Hernandez | E13: IT02 | F13: =VLOOKUP(E13, Lookup_Departments!A:B, 2, FALSE) -> Information Technology | G13: 42425 | H13: 10 Years | I13: 76918 | J13: 62 | K13: =_xlfn.IFS(J13<=49,"Needs Improvement",J13<=69,"Developing",J13<=84,"Achieving",J13<=94,"Exceeding",J13<=100,"Outstanding") -> Developing | L13: =IF(K13="Needs Improvement",0, IF(K13="Developing",I13*0.02, IF(K13="Achieving",I13*0.05, IF(K13="Exceeding",I13*0.08, IF(K13="Outstanding",I13*0.12,0))))) -> 1538.36 | M13: Active
... A16: EMP025 | B16: Robert | C16: Jones | D16: =TRIM(B16& " "&C16) -> Robert Jones | E16: MKT04 | F16: =VLOOKUP(E16, Lookup_Departments!A:B, 2, FALSE) -> Marketing | G16: 43820 | H16: 6 Years | I16: 80385 | J16: 0 | K16: =_xlfn.IFS(J16<=49,"Needs Improvement",J16<=69,"Developing",J16<=84,"Achieving",J16<=94,"Exceeding",J16<=100,"Outstanding") -> Needs Improvement | L16: =IF(K16="Needs Improvement",0, IF(K16="Developing",I16*0.02, IF(K16="Achieving",I16*0.05, IF(K16="Exceeding",I16*0.08, IF(K16="Outstanding",I16*0.12,0))))) -> 0 | M16: Active
A17: EMP031 | B17: Thomas | C17: Rodriguez | D17: =TRIM(B17& " "&C17) -> Thomas Rodriguez | E17: SAL05 | F17: =VLOOKUP(E17, Lookup_Departments!A:B, 2, FALSE) -> Sales | G17: 45169 | H17: 2 Years | I17: 65290 | J17: 77 | K17: =_xlfn.IFS(J17<=49,"Needs Improvement",J17<=69,"Developing",J17<=84,"Achieving",J17<=94,"Exceeding",J17<=100,"Outstanding") -> Achieving | L17: =IF(K17="Needs Improvement",0, IF(K17="Developing",I17*0.02, IF(K17="Achieving",I17*0.05, IF(K17="Exceeding",I17*0.08, IF(K17="Outstanding",I17*0.12,0))))) -> 3264.5 | M17: Active | O17: 1
A18: EMP126 | B18: Emily | C18: Davis | D18: =TRIM(B18& " "&C18) -> Emily Davis | E18: IT02 | F18: =VLOOKUP(E18, Lookup_Departments!A:B, 2, FALSE) -> Information Technology | G18: 42337 | H18: 10 Years | I18: 105765 | J18: 42 | K18: =_xlfn.IFS(J18<=49,"Needs Improvement",J18<=69,"Developing",J18<=84,"Achieving",J18<=94,"Exceeding",J18<=100,"Outstanding") -> Needs Improvement | L18: =IF(K18="Needs Improvement",0, IF(K18="Developing",I18*0.02, IF(K18="Achieving",I18*0.05, IF(K18="Exceeding",I18*0.08, IF(K18="Outstanding",I18*0.12,0))))) -> 0 | M18: Active
A19: EMP109 | B19: James | C19: Martinez | D19: =TRIM(B19& " "&C19) -> James Martinez | E19: SAL05 | F19: =VLOOKUP(E19, Lookup_Departments!A:B, 2, FALSE) -> Sales | G19: 42899 | H19: 9 Years | I19: 102921 | J19: 49 | K19: =_xlfn.IFS(J19<=49,"Needs Improvement",J19<=69,"Developing",J19<=84,"Achieving",J19<=94,"Exceeding",J19<=100,"Outstanding") -> Needs Improvement | L19: =IF(K19="Needs Improvement",0, IF(K19="Developing",I19*0.02, IF(K19="Achieving",I19*0.05, IF(K19="Exceeding",I19*0.08, IF(K19="Outstanding",I19*0.12,0))))) -> 0 | M19: Active
A20: EMP066 | B20: Ashley | C20: Lopez | D20: =TRIM(B20& " "&C20) -> Ashley Lopez | E20: MKT04 | F20: =VLOOKUP(E20, Lookup_Departments!A:B, 2, FALSE) -> Marketing | G20: 43235 | H20: 8 Years | I20: 73984 | J20: 93 | K20: =_xlfn.IFS(J20<=49,"Needs Improvement",J20<=69,"Developing",J20<=84,"Achieving",J20<=94,"Exceeding",J20<=100,"Outstanding") -> Exceeding | L20: =IF(K20="Needs Improvement",0, IF(K20="Developing",I20*0.02, IF(K20="Achieving",I20*0.05, IF(K20="Exceeding",I20*0.08, IF(K20="Outstanding",I20*0.12,0))))) -> 5918.72 | M20: Active
A21: EMP120 | B21: Amanda | C21: Gonzalez | D21: =TRIM(B21& " "&C21) -> Amanda Gonzalez | E21: IT02 | F21: =VLOOKUP(E21, Lookup_Departments!A:B, 2, FALSE) -> Information Technology | G21: 42575 | H21: 9 Years | I21: 0 | J21: 75 | K21: =_xlfn.IFS(J21<=49,"Needs Improvement",J21<=69,"Developing",J21<=84,"Achieving",J21<=94,"Exceeding",J21<=100,"Outstanding") -> Achieving | L21: =IF(K21="Needs Improvement",0, IF(K21="Developing",I21*0.02, IF(K21="Achieving",I21*0.05, IF(K21="Exceeding",I21*0.08, IF(K21="Outstanding",I21*0.12,0))))) -> 0 | M21: Active
A22: EMP019 | B22: Michael | C22: Hernandez | D22: =TRIM(B22& " "&C22) -> Michael Hernandez | E22: FIN03 | F22: =VLOOKUP(E22, Lookup_Departments!A:B, 2, FALSE) -> Finance | G22: 43076 | H22: 8 Years | I22: 118527 | J22: 50 | K22: =_xlfn.IFS(J22<=49,"Needs Improvement",J22<=69,"Developing",J22<=84,"Achieving",J22<=94,"Exceeding",J22<=100,"Outstanding") -> Developing | L22: =IF(K22="Needs Improvement",0, IF(K22="Developing",I22*0.02, IF(K22="Achieving",I22*0.05, IF(K22="Exceeding",I22*0.08, IF(K22="Outstanding",I22*0.12,0))))) -> 2370.54 | M22: Active
A23: EMP013 | B23: Richard | C23: Hernandez | D23: =TRIM(B23& " "&C23) -> Richard Hernandez | E23: MKT04 | F23: =VLOOKUP(E23, Lookup_Departments!A:B, 2, FALSE) -> Marketing | G23: 44353 | H23: 5 Years | I23: 107871 | J23: 88 | K23: =_xlfn.IFS(J23<=49,"Needs Improvement",J23<=69,"Developing",J23<=84,"Achieving",J23<=94,"Exceeding",J23<=100,"Outstanding") -> Exceeding | L23: =IF(K23="Needs Improvement",0, IF(K23="Developing",I23*0.02, IF(K23="Achieving",I23*0.05, IF(K23="Exceeding",I23*0.08, IF(K23="Outstanding",I23*0.12,0))))) -> 8629.68 | M23: Active
A24: EMP010 | B24: Michael | C24: Rodriguez | D24: =TRIM(B24& " "&C24) -> Michael Rodriguez | E24: IT02 | F24: =VLOOKUP(E24, Lookup_Departments!A:B, 2, FALSE) -> Information Technology | G24: 44815 | H24: 3 Years | I24: 93956 | J24: 50 | K24: =_xlfn.IFS(J24<=49,"Needs Improvement",J24<=69,"Developing",J24<=84,"Achieving",J24<=94,"Exceeding",J24<=100,"Outstanding") -> Developing | L24: =IF(K24="Needs Improvement",0, IF(K24="Developing",I24*0.02, IF(K24="Achieving",I24*0.05, IF(K24="Exceeding",I24*0.08, IF(K24="Outstanding",I24*0.12,0))))) -> 1879.12 | M24: Left
A25: EMP032 | B25: Jessica | C25: Johnson | D25: =TRIM(B25& " "&C25) -> Jessica Johnson | E25: FIN03 | F25: =VLOOKUP(E25, Lookup_Departments!A:B, 2, FALSE) -> Finance | G25: 42565 | H25: 9 Years | I25: 100851 | J25: 64 | K25: =_xlfn.IFS(J25<=49,"Needs Improvement",J25<=69,"Developing",J25<=84,"Achieving",J25<=94,"Exceeding",J25<=100,"Outstanding") -> Developing | L25: =IF(K25="Needs Improvement",0, IF(K25="Developing",I25*0.02, IF(K25="Achieving",I25*0.05, IF(K25="Exceeding",I25*0.08, IF(K25="Outstanding",I25*0.12,0))))) -> 2017.02 | M25: Active
A26: EMP082 | B26: Ashley | C26: Williams | D26: =TRIM(B26& " "&C26) -> Ashley Williams | E26: SAL05 | F26: =VLOOKUP(E26, Lookup_Departments!A:B, 2, FALSE) -> Sales | G26: 44728 | H26: 4 Years | I26: 68655 | J26: 32 | K26: =_xlfn.IFS(J26<=49,"Needs Improvement",J26<=69,"Developing",J26<=84,"Achieving",J26<=94,"Exceeding",J26<=100,"Outstanding") -> Needs Improvement | L26: =IF(K26="Needs Improvement",0, IF(K26="Developing",I26*0.02, IF(K26="Achieving",I26*0.05, IF(K26="Exceeding",I26*0.08, IF(K26="Outstanding",I26*0.12,0))))) -> 0 | M26: Active
A27: EMP052 | B27: Unknown | C27: Williams | D27: =TRIM(B27& " "&C27) -> Unknown Williams | E27: SAL05 | F27: =VLOOKUP(E27, Lookup_Departments!A:B, 2, FALSE) -> Sales | G27: 45134 | H27: 2 Years | I27: 81205 | J27: 59 | K27: =_xlfn.IFS(J27<=49,"Needs Improvement",J27<=69,"Developing",J27<=84,"Achieving",J27<=94,"Exceeding",J27<=100,"Outstanding") -> Developing | L27: =IF(K27="Needs Improvement",0, IF(K27="Developing",I27*0.02, IF(K27="Achieving",I27*0.05, IF(K27="Exceeding",I27*0.08, IF(K27="Outstanding",I27*0.12,0))))) -> 1624.1 | M27: Active
A28: EMP129 | B28: John | C28: Wilson | D28: =TRIM(B28& " "&C28) -> John Wilson | E28: SAL05 | F28: =VLOOKUP(E28, Lookup_Departments!A:B, 2, FALSE) -> Sales | G28: 43732 | H28: 6 Years | I28: 77610 | J28: 88 | K28: =_xlfn.IFS(J28<=49,"Needs Improvement",J28<=69,"Developing",J28<=84,"Achieving",J28<=94,"Exceeding",J28<=100,"Outstanding") -> Exceeding | L28: =IF(K28="Needs Improvement",0, IF(K28="Developing",I28*0.02, IF(K28="Achieving",I28*0.05, IF(K28="Exceeding",I28*0.08, IF(K28="Outstanding",I28*0.12,0))))) -> 6208.8 | M28: Active
A29: EMP146 | B29: Thomas | C29: Rodriguez | D29: =TRIM(B29& " "&C29) -> Thomas Rodriguez | E29: IT02 | F29: =VLOOKUP(E29, Lookup_Departments!A:B, 2, FALSE) -> Information Technology | G29: 44765 | H29: 3 Years | I29: 50873 | J29: 90 | K29: =_xlfn.IFS(J29<=49,"Needs Improvement",J29<=69,"Developing",J29<=84,"Achieving",J29<=94,"Exceeding",J29<=100,"Outstanding") -> Exceeding | L29: =IF(K29="Needs Improvement",0, IF(K29="Developing",I29*0.02, IF(K29="Achieving",I29*0.05, IF(K29="Exceeding",I29*0.08, IF(K29="Outstanding",I29*0.12,0))))) -> 4069.84 | M29: Active
... A151: EMP103 | B151: Amanda | C151: Brown | D151: =TRIM(B151& " "&C151) -> Amanda Brown | E151: IT02 | F151: =VLOOKUP(E151, Lookup_Departments!A:B, 2, FALSE) -> Information Technology | G151: 44848 | H151: 3 Years | I151: 118634 | J151: 91 | K151: =_xlfn.IFS(J151<=49,"Needs Improvement",J151<=69,"Developing",J151<=84,"Achieving",J151<=94,"Exceeding",J151<=100,"Outstanding") -> Exceeding | L151: =IF(K151="Needs Improvement",0, IF(K151="Developing",I151*0.02, IF(K151="Achieving",I151*0.05, IF(K151="Exceeding",I151*0.08, IF(K151="Outstanding",I151*0.12,0))))) -> 9490.72 | M151: Active

Sheet Lookup_Departments
A1: Dept_Code | B1: Department_Name
A2: HR01 | B2: Human Resources
A3: IT02 | B3: Information Technology
A4: FIN03 | B4: Finance
A5: MKT04 | B5: Marketing
A6: SAL05 | B6: Sales
A7: OPS06 | B7: Operations

Sheet Lookup_Performance
A1: Min_Score | B1: Max_Score | C1: Performance_Band | D1: Bonus_Percentage
A2: 0 | B2: 49 | C2: Needs Improvement | D2: 0
A3: 50 | B3: 69 | C3: Developing | D3: 0.02
A4: 70 | B4: 84 | C4: Achieving | D4: 0.05
A5: 85 | B5: 94 | C5: Exceeding | D5: 0.08
A6: 95 | B6: 100 | C6: Outstanding | D6: 0.12
